url,cluster,page_type,primary_goal,primary_query_theme
https://www.advaic.com/,brand,money_page,Demo und Trial starten,e-mail autopilot immobilienmakler
https://www.advaic.com/produkt,product,money_page,Produktverständnis und CTA,e-mail automation produkt makler
https://www.advaic.com/preise,commercial,money_page,Preismodell verstehen,preise e mail automation makler
https://www.advaic.com/so-funktionierts,product,feature_page,Ablauf verstehen,wie funktioniert email autopilot makler
https://www.advaic.com/sicherheit,trust,trust_page,Vertrauen und Risikoabbau,sicherheit dsgvo email automation
https://www.advaic.com/faq,trust,faq_page,Einwände auflösen,faq email automation immobilienmakler
https://www.advaic.com/manuell-vs-advaic,comparison,comparison_page,Manuell vs Tool entscheiden,manuell vs automation immobilienanfragen
https://www.advaic.com/best-software-immobilienanfragen,seo,buyer_guide,Shortlist und Vergleich,software immobilienanfragen
https://www.advaic.com/best-ai-tools-immobilienmakler,seo,buyer_guide,Tool-Landschaft verstehen,ai tools immobilienmakler
https://www.advaic.com/ki-fuer-immobilienmakler,seo,guide,KI-Strategie einordnen,ki fuer immobilienmakler
https://www.advaic.com/immobilienanfragen-automatisieren,seo,guide,Operativen Fit prüfen,immobilienanfragen automatisieren
https://www.advaic.com/email-automatisierung-immobilienmakler,seo,guide,E-Mail-Prozess verstehen,email automatisierung immobilienmakler
https://www.advaic.com/autopilot,feature,feature_page,Autopilot-Fit prüfen,autopilot email makler
https://www.advaic.com/qualitaetschecks,feature,feature_page,Qualitätssicherung verstehen,qualitaetschecks email automation
https://www.advaic.com/freigabe-inbox,feature,feature_page,Freigabe-Logik verstehen,freigabe inbox email automation
